0,1,2,3,4,5,6,7,8,9,10,11,12,13,14,15,16,17,18,19,Label
5.292410128747033,6.23088753801831,4.830193433426273,4.326941669486455,6.06316520475434,5.173225767356495,4.936245455329964,4.679139282929363,4.5911365982312855,5.55656602934612,5.540781300765474,5.8245830633946785,3.1746808204785193,5.013147243028425,3.695642197308006,4.794518806455426,3.9224758449385737,5.972464566600538,6.408588000915082,4.398991384769815,1.0
4.5843320566035315,5.526594916516806,4.867364742859085,4.791154132517888,5.023259446158819,5.71730137728066,5.6498833926313,4.770590212365185,5.6786418400677485,4.2656204710403465,6.557604971410614,7.852547283127228,6.239793297484825,6.12739118718137,5.154307936609655,6.6749935825078905,4.710049987008798,4.291441571631888,2.9908514948599825,4.8918428591107554,1.0
5.502306006082168,5.204268315561167,5.762878926265742,6.590006514008854,5.689094522002553,5.599182154345306,4.904565790657521,5.155819864893843,4.845221445744407,5.719390552964708,3.832583854545022,5.455736451591212,4.390407844544514,5.821502880634352,5.564349328050198,4.545031420350747,5.762060082668984,5.733205649922684,5.126046138190365,4.622857534059887,1.0
4.633793025434671,5.654046549927941,5.4372640520255455,5.36638472744592,5.03711822570574,5.616111064411549,4.548746072896001,4.164748105116374,2.743192603939265,4.9098272178321265,4.414586949965728,4.610198618839266,4.114771869585149,6.026034955462737,5.509134145406614,2.602843835531908,5.270779363572619,3.648387536245017,4.772379143864725,4.569012507209968,1.0
6.135959841104711,6.014174860091894,4.332657296215739,5.054629931863916,6.2288771760985,5.018281593263491,5.196286450123744,6.914850815314146,3.6501352846082114,5.262995301287352,5.298429122658252,5.7551049721677074,5.574104352169402,7.067109407356235,5.473256118436523,4.462842157516273,4.723425571385069,5.803867270094757,3.9897435319531267,4.031358312019225,1.0
4.630794174466493,5.979808936228234,4.0632685120022005,4.309844307119053,4.0553794314975296,4.472719299662751,4.6609784182397895,4.268115325387918,5.5850491327085034,5.63044761448889,5.208420976139465,4.497869714424168,5.627442727602848,7.486767432083683,6.339597497521326,5.6178523819567605,5.929963971026938,6.4133748908746755,5.1038094765954956,4.658708376278228,1.0
3.6310838760904343,4.153966941460597,5.870100547575648,6.948843971622063,6.183833690226217,5.698005837954334,2.9908218064670216,4.139205715531402,4.717542705268249,4.9542258598347475,5.308072735130872,5.636621516509544,4.802219876724628,5.238790398132552,5.467832962272535,6.0818426749774055,5.28791900942836,6.3492502784703415,4.74674262267679,5.248355387985377,1.0
4.42761086149981,4.505807507450002,5.204000410094009,5.015007628433884,5.048043773492942,4.185806523823223,3.1234828483535715,5.1618088334936925,4.4078189642546155,5.682317955871118,2.588458040409845,5.9794814930660065,3.6368548275653296,5.157178093450211,6.582583431178435,3.6229606103782803,4.888583105037923,4.852145742238698,5.071749598203805,5.36784752157944,1.0
4.735312454755914,4.053175257990924,5.183477461851636,6.5084603402676535,5.8636905567275734,4.489167003006225,4.622596909467844,5.173630544121047,4.726981003283775,5.417125405961424,6.391713696617137,6.90708824852951,4.250321844255144,7.030873263715952,4.093780228529082,5.258826420953408,3.293763475683636,5.238857633794142,3.288226934965392,4.034745375321368,1.0
4.254221717869774,4.098602771159547,6.072830461331819,4.987647014164932,4.005388265592248,5.697935636718045,4.366379324135267,5.133864893521995,4.675821172679041,3.0377385335546485,4.8650176754937515,3.6842563000789705,4.583152315622709,5.737215668802928,5.1880924223491665,3.2511452382754507,6.155794593126754,6.223743063958386,4.9747094779153285,3.650785430011945,1.0
4.6148140979937216,5.757309075991418,4.73569057858321,5.230251798238957,4.855413559729103,4.898597616925574,4.174895589006949,4.159210607940663,5.683130106150485,6.988589573490998,6.988230073662478,4.678204070766903,4.084943307476508,4.866216457042942,6.893496860064502,6.337684036708616,3.9921187294832388,5.346101406514171,5.520187690954546,3.772282547293295,1.0
5.141901727683852,5.591349871632892,4.90563630484088,4.12143453382705,4.048617652342492,6.1076203491693795,4.391572643074781,5.094355027154526,4.729227270649215,5.270390852399068,5.917318395869593,3.3853363852691762,5.977153960521949,4.7208247729440584,5.151532148153193,5.691212827890016,4.57783203000584,6.110231821841328,4.637076787044574,5.751623142942121,1.0
5.342105792433445,4.854876430189811,5.556563467864066,3.3587114725111498,5.93816499199415,5.175652135703912,4.088410096426429,4.763158850274268,5.102878914773389,5.933747214454128,5.057854503314352,5.835026822064831,4.6497351507836076,4.758586557283794,5.137330935167293,4.918756471189026,5.45381171875759,6.702241782378076,4.628780992033868,5.092448650402518,1.0
3.6272019276560625,5.914872731345962,5.173970860202195,4.319027839526753,3.3771972507834773,5.905296155928122,4.772443763750269,5.543790322684524,5.5919790038103905,5.30501475082505,4.502466240987203,4.70853374403874,4.189144555533179,3.2301497358037183,5.836059401642233,5.329404694607093,6.295939617484409,6.473933251512316,5.309294598230793,4.37684019423059,1.0
5.701084796645546,5.903521220164761,2.718530512417465,4.866158335474038,2.550135947578174,4.9486487358168345,4.1081431384441,5.905004536424544,4.429364601051739,5.892367770360627,6.4643395498887815,4.7352636391933665,2.378863987589357,5.712502407397793,7.047838840784042,3.15292493031355,3.980378553085446,4.810618553559033,3.1558335754083124,5.153870239854303,1.0
4.37243637025121,6.02540043815321,4.082465831297399,6.35836780451637,4.1747127427093185,7.380085770450557,4.851194809698162,7.154043358461031,5.773846344474469,5.846039583510929,7.957537384977185,6.215056592233231,6.057186659119469,4.805180886673016,6.743392068872762,5.580164583738636,4.5468017074998235,4.790355145395357,3.799823594568881,5.722116237397147,1.0
4.553102934985077,5.075770709001239,4.983900837594901,3.267299827442602,4.922853416789105,2.900519116927788,3.9759094699894204,3.8538682220409584,4.4115370261176965,4.484121680412445,7.155007437048815,5.961743005459236,6.077991083811495,5.304484001197061,4.435368942719287,6.726742751950013,5.329737406549218,5.021912153960336,5.586048990848073,5.824238784283373,1.0
4.717570253459133,6.052537637627813,4.981436330168823,3.464104049856101,3.373360518971154,6.585595526438672,5.719925915980122,6.011282112665933,4.827956427267956,5.078337799628768,4.6531114255413115,4.574601938573941,4.425107715513972,5.303273452899386,5.835426873147221,4.586744354456966,5.805420089771703,6.95179633089592,8.080026227166,5.141619853526822,1.0
3.7576640908404073,5.78941699525456,4.201296340115355,3.9967173228665107,3.7783638936631103,5.096791299401327,5.515467721582585,6.840140576657317,3.928895812945494,6.779190970613707,6.3597285534988535,5.576554614160617,5.041403266569466,5.685423250296642,6.074397939532916,2.7822204680401597,3.9977303811378984,6.789607775342747,7.644406999193638,5.373734429661,1.0
5.505139756324836,4.811679235408063,4.476559510485096,4.9400418821963665,4.460054443595341,5.056813165585278,6.373814748154974,3.1762559742204477,5.916237067274992,4.2827635578168834,4.882671389308794,5.083877803124121,6.8281128433572515,5.973816859509648,3.859379783296766,4.212564259412784,4.853582154221711,4.151705561216978,4.144978041625677,4.575392078517676,1.0
4.6935690381126065,4.834009243290421,5.468625681699941,4.235028191085976,4.330034942098596,5.848178356280071,5.669434585535294,4.100960923197939,5.813513019652131,4.512622275832998,5.771786532242086,5.615606926134781,6.308192057198479,6.349842114121277,2.902435538809786,5.503821530660832,5.208068892301952,4.014609218578272,4.866544836572258,4.339675809059882,1.0
7.331931960838861,6.708589853695232,5.100934447615239,4.655717753213967,3.5517765844760936,5.313226816098893,5.954116822820813,6.747118749948749,6.147431141734739,5.535688967541518,5.326401103221057,5.706404759587534,5.351715900367043,3.8077341412589485,3.5189743689891593,5.471335314770519,5.760555684721004,3.666006419968226,6.270685148547283,4.306358134929513,1.0
5.051160857693276,3.8723299073602533,4.6732743971106565,5.695965265200041,5.847563284331625,6.561702031381023,7.4382945766364585,4.79128319572425,4.38157886838608,5.023259337647628,4.809409882441306,3.987165952616614,4.787718830384758,5.757354085553954,4.779111837287448,3.7155834193910673,5.163390954281257,2.851315320679178,5.9249848536461585,5.1212623379168,1.0
2.2928824307520004,5.113196050503769,3.6821070646790792,5.309739782751089,5.043237250659013,5.315591662463176,5.161881353934804,5.433850662534488,4.537402891637171,4.447029490364747,4.403736646107447,6.458330407693767,6.480109725488103,4.454716918226524,5.965463801282684,5.69772731695581,4.757546736073674,6.312290244190322,4.546990820486679,3.7108149302827957,1.0
4.890120208770014,4.698436115718502,4.005380011273985,4.038742692313909,3.337958837595841,4.063621436088571,6.346554455571776,3.410387295248799,3.6464622050678788,4.807017035674481,5.623069399800032,4.762517081081563,5.746064483646069,7.023043277821465,6.368886412294811,3.9489594458903996,5.034098981762661,5.346714408753431,3.5966082085430866,6.34026327906145,1.0
3.9111782321811672,5.711544547892908,5.768774149734679,4.5175084881495975,5.56921041831285,6.169951417441647,4.408639069637495,3.750919141338213,3.715429289591704,5.967511505241857,3.86211884361068,5.716972517535573,5.03609362195054,4.8066414339692125,5.0246949564774015,4.470800799707879,6.749534252138744,4.33439786276883,4.535618500122064,6.434344576169711,1.0
5.524388119314778,4.070251291447079,4.306004202204016,6.195782102283089,4.365350396934052,3.4857087030530707,6.8473441567574005,4.659576292367027,4.24235256100197,5.399900439731268,5.969971574554459,6.567464533577942,6.801387659350953,3.9253742846527007,6.641956557587546,4.841120416771896,5.339448487248746,5.490462905830032,4.3324393833864745,7.250314696978843,1.0
4.003554520716483,6.126554316217624,5.002634291843915,3.422744791810994,6.0545297120469765,6.746291554003593,5.657167375948561,5.341956045863763,5.015630410298072,5.436950891826335,5.904604386024408,4.063710303241647,5.804884668220565,5.338295676975988,4.512989758138199,4.006070726633978,4.6565654447932125,6.157428501648816,6.247106537683033,4.149490285551624,1.0
5.155947807740391,4.506437860788614,4.332950258781667,4.826178264044263,5.746274705115784,4.580967233016155,5.632081681375578,5.605801322619419,5.675157701315131,7.156161429732165,5.7001274056847615,5.189456428722766,6.0156254422542705,5.39873694069,4.574167757841402,6.239874308281369,4.67104826441644,4.594817340331474,4.788988731176607,4.6426338788808,1.0
5.404471673929661,4.080456950882655,5.534185790349611,3.330471189771405,4.843084293791551,4.813803012363642,3.5198703014582855,6.267539134116314,3.23189354383255,4.6382970820559795,5.264126329855643,4.684574542406844,5.996141409931836,5.401685072406039,4.566639761757724,5.055981984195837,5.005170269722585,5.4755254663706445,5.820212429571344,4.451984227741033,1.0
5.6100289337776035,6.139096847422327,4.568019078796856,2.852042197507902,4.698937054485017,5.15526517035296,3.183408609787765,4.921366610816275,5.017147665754942,6.036145042306318,5.884760075502567,3.9476011289863724,3.8791176968038465,3.0717599101354747,4.3264104850186795,4.292471172822165,3.6584086557997066,4.993923539930917,4.002837318374901,3.93481419204072,1.0
5.083144465123589,4.000204354017747,3.9244068317519982,4.9227572286420855,4.9703295707316215,5.222324387716864,5.623214274287697,5.3012886878401675,5.736215015345284,5.07702346218654,3.244222901022555,4.437512321497722,5.251466776187479,2.167571962290553,5.287708251504756,5.706093838342778,5.797794529750529,5.176928804008634,5.654190605773483,5.356575783431668,1.0
5.789623302518417,5.007667034967557,5.080603134558519,6.084536263597096,5.02743240170412,4.843962344373042,6.153388746707589,2.8503982953555407,5.552984501059235,4.728992526756528,3.7938387138834315,6.184427433993459,5.328314170529637,6.126741612978849,4.027733812229813,4.873879179686222,4.109373111577975,5.614811596387192,5.145182610164916,3.9362746663992962,1.0
5.283191929403244,6.754149000348738,6.186428274865124,6.943527886716677,3.7168528441577937,3.2867380099131127,4.366744333929684,5.164841840683124,4.419193447861837,3.8418657764292123,4.310766685510081,4.646534896755696,6.04622196143655,6.951466115724262,4.410700699199052,4.958775907885955,5.651655550512759,3.807166622273825,4.964392022382631,4.740501284922928,1.0
4.1799791529587065,4.596537383548896,4.6713681506118405,5.994342847882548,4.233794520440352,7.6675059560237795,5.800429386757338,4.354221588522118,5.175310099849904,5.605514254599074,5.812013685043926,5.968159952259303,4.971751512446314,5.0067244665752515,5.4529401554777355,3.9899097637071312,6.307209041484672,6.019404417056736,5.486309995192028,5.600403571513454,1.0
4.518614021129642,5.024983312899443,4.766540062748382,4.814776813728587,5.030496518135456,5.303444284381444,3.727649702596496,4.299595408156537,6.0636844506776875,3.8859390522849786,3.1958906184205587,5.188048446039478,3.474952273488775,4.811634398970578,5.486088301323676,6.172314454083121,4.238074774633949,5.444195914341349,6.1062902136159405,5.5123149984003375,1.0
5.672968577866386,3.8624450164317716,4.087326205047794,5.7188772288813805,5.051583222207234,6.199827726957557,6.427121070846429,5.563195916504147,5.590694853847476,5.47945545943157,4.579065262208445,5.236999282296707,5.013113441113705,3.871650304781989,5.852150613405399,4.570226741654345,4.508748519841596,6.187035789427218,4.195421008423004,4.9625609790656995,1.0
4.673143548440483,4.124105236981242,4.750334170823868,5.407895662345177,5.435956226876109,4.603662636905218,4.527187734719851,5.381326650864555,4.910138731999907,3.7972887908648514,6.3920834294263695,6.082802518555214,6.424187742458348,6.911153440845508,5.45054941714771,3.714690857362869,4.041192734458985,3.660006226272066,6.328106009289348,5.08730894097525,1.0
4.555075988320349,5.00231751518393,5.749979088500117,2.9756564391835565,3.8494689663052846,4.725365980448919,3.765598700441015,5.026377891694366,5.1277706135125944,6.0823452090892305,4.660380164221506,6.4159060518793485,4.045867673071389,6.896018134277094,5.990845820435277,4.958837971802543,6.068389781244292,3.5374469642643858,4.662745621565375,5.822226306228662,1.0
4.651250317008882,4.0895106294792525,3.6086653395405044,4.6502927263451115,6.616140636024096,4.547880402026914,6.6127584325045525,6.196839526721864,4.359804262899272,5.452174377706789,3.607006867804584,5.314079272220836,3.767134941978168,4.118687441181239,4.523533917275811,4.9250397993413655,4.2446036928032,5.742255683410605,5.207332297663423,4.640988657358165,1.0
4.898662763841788,4.4440610662034254,5.438163281781664,6.9078951635909425,4.723260048172492,7.10849121228147,5.620357006319114,4.955107719358955,5.291875299171862,5.508506749583087,3.800114305089913,5.062835691708687,7.081583543709307,4.049236315501307,3.4671120306415277,4.815567866765384,5.476643705874522,5.913442860152244,5.212851269874626,5.9900277872914085,1.0
5.411926930098805,3.4574370071622096,3.8198636790534994,4.7341798421180155,4.320998346224916,5.487587461215016,7.239900577559672,4.012845934968028,6.174606031871555,3.859240019000003,6.018642123172049,5.770641596981257,5.745146779481235,5.454863055822247,5.738153305158266,3.449193935159748,5.408324435421879,4.208901258684752,4.1105789050223525,6.585671422679586,1.0
5.092945606555651,2.535420570495536,5.030845974829281,5.1659781336404205,4.347613687264125,5.286677047548669,4.289106496743932,6.2570873574190315,5.907145916596882,5.0030383236956215,6.274776830633189,4.051828984037299,4.365545314623235,2.7604757315681243,6.07031641706616,7.379191960087498,5.30781153726939,5.791452446787252,4.361351322815462,3.0413874868270367,1.0
4.351170440285632,4.779252997651291,3.3062197393617385,5.615860535912599,5.7169994072497055,3.3318176210584554,5.86125948975976,4.243822829491716,6.745893090888774,4.6468402288530015,3.2468151800298193,4.825935553226731,6.501642455971819,4.894159208008043,5.77759727465089,4.622898551436963,5.779251339335571,4.655748700835702,4.9283558116038195,5.237246175310279,1.0
5.431819930380287,3.76583848470662,5.853835010303973,5.557504835046466,5.277154745813325,4.184912896478507,6.0774745218035084,3.3466345669296635,6.569398899932465,4.920122371873843,4.954540047857869,5.274940668782664,6.064911276749578,5.230309622972712,5.150629359492944,5.451764146084011,4.832368192065832,4.1726719470214135,5.320805747011578,5.424230383304196,1.0
5.577267723752463,6.047643240119937,4.339983101056486,5.141846528502175,4.868821634319835,5.524240828906144,4.824848261738433,5.354670406046194,5.477363365181299,6.77636418186856,4.9141059291155775,4.009976157064941,4.3654485943415615,5.36723429442615,4.566736052422656,3.7950128487405443,6.4173660939038095,3.307550664648946,4.966217493818754,4.875376594720022,1.0
4.1494977491139355,5.248807483188544,5.1388122326854395,4.395737151061417,4.396569072878943,5.487890100379591,3.708743617257735,4.607650229625713,3.8309811690198297,6.655226734878125,4.221840771560352,5.617447365057191,4.952408214427346,4.92869268023513,5.465975544934003,6.66783269488335,3.4676090050605337,3.3731488156839626,4.322177025920276,5.18669875247279,1.0
2.8941552429390405,3.1434933973922954,5.589117229509203,5.107272143146847,4.0369882566297814,7.06886804728863,5.761120221751737,5.497316325562806,4.668123197116996,6.005559057171073,4.18638462164116,4.142570929147036,6.3318009806257995,4.803760090193811,4.320620462278873,4.993625863409916,5.5117606122426785,5.99832807384329,5.384818010828684,5.800061534385307,1.0
5.280052380252838,2.7029062272105575,4.696922344721395,5.77471944814938,5.38553419130853,5.243794087301529,4.380128830659295,6.089526451024096,6.298768917712522,5.130081645332321,5.084311995176938,4.61067876256805,2.588787943284147,4.845234075221423,4.4853338832232,5.276311882441281,6.607323177885216,5.072878352962665,5.41515008551249,6.638744250900931,1.0
5.953543238418433,4.053306907023199,6.794235523561115,4.1077157370216595,4.496538362146899,3.5872000802947803,5.258680043849088,6.612436774626305,5.251410537285586,4.597382076698979,5.5964270576699615,3.952122884623985,4.4156295704798705,7.75862527247019,6.27693744357015,4.165992116015482,4.608600257573369,4.741355066587113,4.644987879645183,4.060443732575372,1.0
5.011699993453388,4.443589743251943,4.833526880396898,4.491449571743615,3.4887210233812618,4.826332158657529,4.849137068228648,4.723284547927974,4.0040718348556625,4.840101554690434,6.071525749139306,5.418041918594676,4.43789434138874,3.491564622793161,5.8398520990319955,2.1706336866715454,4.559853522684258,5.697101388257766,2.817654350219986,5.708520856139361,1.0
5.0942913986474965,4.3317297406970106,4.873110727619218,5.108987984640387,2.475332445855874,4.57548428182903,5.192507942075143,6.0854662530047925,6.159662570084927,5.109161183946262,6.773338766654398,6.153479971077088,3.8384104792715457,4.844605912472514,4.379149171800457,3.4212203087410713,4.925453035678251,5.172733056260811,4.236289507208331,4.229030776779364,1.0
4.151196954861144,4.394128297457491,4.67620488671403,3.6203404438628546,5.645741673959408,5.427288310837187,3.913256697170494,4.823235372745963,5.484073572358086,5.936489778439201,4.574521257061532,4.340688917830402,5.501661396001828,2.7735792104697463,5.656752146590587,4.688735496025364,7.4453375948087075,5.321698978899823,5.951242597298064,4.848760444948628,1.0
4.994307112375961,6.006623854859853,6.399029725384735,2.0127091034027176,6.357678574446837,3.256890844538136,4.373197192904828,5.547446122722086,5.818014609551844,6.162415301380525,4.277143829309285,6.23563566059028,5.6231004168266185,5.205526265172098,4.384563973225205,5.586303577431427,5.586270363698733,5.7878194582788325,4.884846599526215,4.335623855661897,1.0
2.11002594626828,5.7093520893887435,4.6830327621730605,6.370440423178881,5.12764616300401,3.522772787503641,4.442768660221484,5.18043436124618,6.268252904498673,5.81868036791418,6.143694427961317,4.064323939944451,4.477999688421208,3.563049560069789,6.51289148873282,5.2722043776026295,4.876061209747723,5.466147855786437,4.251346230226483,5.025158010853396,1.0
3.8819016983418164,4.275271438161758,4.741686733487537,6.51333504843736,6.565122573536303,6.617011739894483,6.173674587909299,3.883918336378316,5.560931183762408,5.3644255383693205,5.446936926460167,5.476789744240108,4.74694438271053,4.159627643920643,4.7822915425253605,3.591886886010934,4.840674733238683,5.262014375738999,6.08003910224579,5.365326736546039,1.0
5.602067626045522,5.482796046748219,4.462044870368301,5.29031934412662,5.599894044664204,5.223264753018529,4.355380703022264,5.568236404075975,4.374461320629594,5.008770673074642,5.379052827261854,5.2837759773013895,6.4330536823332665,4.3670951435220555,4.224787105410032,4.675776307004455,5.011554982715621,4.028631022741558,4.467554395444724,4.5230082667374125,1.0
5.249795856447499,6.424893622663345,5.094766315734118,3.7648113987267746,4.940495017762383,5.2073839402865625,5.145176276862019,6.478191601358186,4.897579465955098,3.8462797061718597,4.288557946874879,4.00262534609428,4.24434818422381,5.0964536040636474,3.1472808639761105,4.134356741575232,4.623082681393313,6.511411835609528,3.301880671967327,5.9099964205074285,1.0
3.150926095605603,5.336197424526475,5.103018436498517,5.896900909527412,4.490031890972421,4.108241689744042,4.796779785367989,4.905547154234986,5.724894141487666,4.2713756745654194,4.892591037202772,5.9091177062149125,5.227970466557682,6.020481405546589,5.33208330661417,5.717966667236011,5.540588094709995,6.574525281804633,5.234060306277094,4.697941922265332,1.0
4.125806157914559,7.291138929198737,4.820115594712502,5.618515506601968,5.264580869248608,5.889161943754515,5.392025927353639,4.026780445390074,4.607394439086895,5.499759178943873,5.344258720503921,5.650451983011096,4.003181161237759,5.194797630985864,5.607711939885256,5.233880643362946,6.847422953317468,4.470248964707075,4.291342422629252,5.494642925432921,1.0
6.167428875179681,4.951859528327299,3.4270378488909197,4.902108833897883,6.370343750632222,5.445362743855147,7.149440824558171,4.586786499163211,6.7270941930136035,4.169230249411435,3.7418183338561697,4.870115303450213,2.37112156367681,5.426009432335246,3.8682376233556526,5.122201592320067,4.623274497331235,5.269486445899656,5.081183063991112,3.8273242842729296,1.0
3.9689280684622283,5.473417019557252,6.304921259003265,4.641172587428512,4.328248503249177,4.97743869167305,4.30614712171397,4.5631584465071295,4.564382919922687,4.8727878951258825,4.873165656977539,4.976794040101158,5.000230372220057,6.147669586903415,4.479514447669798,6.355955434970926,5.285948158489259,5.866610741952018,4.421615450026311,5.799883425096139,1.0
4.740832436501166,5.932159400667921,5.569284899488354,4.063166092363623,6.4458184115446,5.146917717786666,4.991867735676915,5.685914099328187,4.931791625451464,4.9363996353615756,3.370050732749437,4.9249800600536355,6.121569548854417,5.137013158094879,5.000526435014308,4.332395071548076,3.734180183648975,4.552918437297962,4.107458906522347,4.572194630773381,1.0
4.442769659665815,6.175208336245219,5.377217424993206,6.043417046658095,6.620123382432173,5.1136476471816765,5.345763043053148,4.736793776590062,4.9470091361883615,5.6170662783948515,4.976045955605888,4.340103923461558,6.705640237859504,5.192869578866004,4.818390805352986,6.024359363522763,5.56762957013125,5.67631706857874,3.59219405308305,4.529229626747195,1.0
4.496869620873539,4.145383116581808,5.110224982422569,5.244401222510682,4.4779672539740885,3.9264410627023425,6.690508260255741,3.557938225193009,4.977549252938588,4.8063650416006745,5.94069862039563,4.450930818476355,5.417934149949313,3.298466712958912,5.210990193490788,4.524353889867153,5.40056552584766,5.225091146980312,4.849631790276232,6.255379641996004,1.0
5.177861214460886,5.7836791064153905,4.749055955592813,6.282284167114748,5.9209284949549,6.239080681038383,4.673423348709785,6.020097953544433,5.312093261086958,6.038233646876755,4.91740291680526,9.130385341229221,4.675615228196874,5.439527760950639,5.73747876821254,4.722718912118831,6.31366839622699,4.328262972425227,5.579516458789906,7.070786544719438,1.0
6.279910430786276,4.271099278196058,7.0271209240541275,5.452787899912287,5.79779368953545,5.596263395992445,4.570535201918592,4.71078011135333,4.063475269991821,4.623412302643471,5.051423081307279,5.766402988923746,5.331413954249062,5.553149422606137,5.668073334672172,4.541211930217863,4.0867559682482435,6.505661120780369,3.895699597007971,6.46089248124252,1.0
5.039096333253655,4.718869496394696,4.153655422210591,4.800415345817552,4.515906929746726,5.589664546774512,5.397894048274348,5.793423717714287,4.5198911107656174,6.022024641256989,6.2535956457179465,4.554262050445872,3.389192668354971,5.3545734609260975,4.86592826621107,4.736321088998052,4.864554905180913,4.9500309156694255,6.153874237613054,5.497082219681467,1.0
6.706114858422222,4.311363543948012,5.042332834666369,4.827013731435869,4.319384034771859,5.929666628167592,4.794497451326943,5.057256021971145,5.23090038576363,2.8442793628726966,4.276148123548104,3.9182593795365923,6.017407981366501,4.41885825885829,5.754341018834941,5.049829964269642,4.2656352976599505,4.568825251843483,4.458754391476027,7.500685352885854,1.0
3.6827969950620707,5.611578070165883,2.434316808839613,2.186198192951284,3.6640408983144783,4.471961519261747,3.079688957967144,3.6462977420029614,7.2068222422097765,4.159182827938972,4.523209889632668,5.193718346583991,5.117833017631623,5.207413770401305,4.959268092602399,3.9355808093703066,4.247044259986989,5.097104400529584,4.211036509633466,3.0908010396189405,1.0
5.077665857883506,5.263319510686081,4.331780902858414,5.3412839443459745,5.3326483086893814,3.659259453976587,5.546614765733279,5.663520786886245,6.531572328054219,4.202533881956542,5.764410046824356,4.323727959488089,4.874337009400907,5.887664119605937,4.965272424514485,5.888211333293798,3.936542889014138,3.599796546480748,4.815099976563708,5.045586341022301,1.0
6.406936472846798,3.610199161569019,4.842687040884692,4.850363727849298,4.7613522462873785,5.580714866118355,4.422060484709435,5.8682548461045165,4.758536950127665,4.714560273704786,5.05928046155087,5.39551208077625,4.62077997110647,3.8676233720750828,2.183128490313385,5.745612201637368,5.96998978197014,5.089085833210322,4.1288622342528,3.027536962426283,1.0
4.150526237631069,3.3236338836857318,5.280694100168332,3.3051880718076294,5.1807244730245126,6.681573464027975,5.2514920934499525,5.2241414680255085,4.7604838067521955,3.2957565668657667,5.055473238290245,4.203060325831222,5.255318230441205,4.881766237982887,4.682526265007484,6.270280575386467,5.276011974001104,5.098474109733876,5.735960394108273,4.385409601328427,1.0
5.770152892572753,6.734965951851145,5.213790165919576,5.311847667888247,5.240339150794289,4.121463389357798,6.181555955051089,4.9027234629739915,5.177144886261891,4.980032290039029,4.493893007362931,5.9277700114056255,4.306281897580137,5.678285193305343,4.993047795876698,4.345318840325552,4.392516344005762,5.146473274187316,4.867745012990403,3.545449113351972,1.0
3.9544717219380603,4.491895349779161,4.100224267598171,4.498702861700751,4.8326021059703725,4.885497041537811,5.301102985830164,5.966148359570897,4.07370139046721,4.4572696892975845,6.433372045347708,5.501496747954022,4.435990259150449,5.437913561752558,4.345166303929143,5.7202341875602585,5.37863261344814,5.60447758643952,4.781354903482998,5.3008758181469675,1.0
1.721526871749444,7.571638602315884,4.168881159217636,7.402187018250503,4.740593566636366,6.533243285601532,4.664554714945595,3.1227952660857734,5.003158448727313,3.2602852642635094,5.447927942891212,4.7623912582084715,4.7268243427061645,4.764303446798596,4.45255845764481,7.2342826261144655,4.955458569700354,3.4124612360630455,3.2221575738489756,6.300498994603122,1.0
6.315097095917912,4.898465136624105,4.668010940987273,4.9281526701927145,3.554741733833785,5.280268899046905,5.132480272214764,6.037754811356443,4.7973677240587795,3.505320708878449,4.596435803523433,5.734914821565255,6.07709805991314,2.8516165959237783,4.6483381718041175,5.740163323447052,3.5309111910768953,6.1458918902365705,5.0356571209643315,4.622220903531039,1.0
5.986240870800769,4.980074477059698,3.7019781904953106,5.00886504861783,4.1301541427709525,4.93420388639774,5.05330118024471,2.578660004132745,7.670515674438314,3.7326028789070813,5.47097714647527,4.38356233798406,4.735785501881787,6.110295823924792,5.093205840520479,4.1141689260432255,6.22482935182287,4.39976934704062,4.719707132071033,4.638571904044298,1.0
4.780361168301546,5.109925892865145,5.30155087328279,4.20908484107725,5.168537488787804,5.046124994877875,7.51453244315464,3.2659049924766155,5.49609797195901,4.695959128926494,5.810008253421635,5.306909162748022,4.948090198811219,3.7271042120178297,5.834099829401045,4.709582721667175,6.07336117336757,4.684015025472619,3.392338586975002,3.6035656540127796,1.0
5.107031879712606,6.195416950527198,6.596877717454518,5.276297082685776,5.535538761040048,4.490444309153178,6.075861462786934,5.2138261083962245,4.937333094542311,4.844765513344982,4.790991471050858,4.781609731334459,6.607947906543843,6.821464768196691,4.062029693009663,2.3218600063332855,5.868477058234023,4.4478319045947545,4.43411029919243,5.829205644327629,1.0
4.0219093820925185,5.450367789678314,5.245419698479017,6.625940924312427,5.3342598528985175,5.450636145182015,5.426770975563756,6.031918874315398,5.011052203047584,5.956852002995646,5.624759559169494,5.79481958508447,5.917718653347916,6.094179241959619,6.413358242491611,4.844146579116713,5.619948179222429,5.464779400341153,6.640980037115334,4.772895252520804,1.0
5.7744215334961915,5.861647320800094,2.864007004780337,4.26159849905366,5.398981640422172,5.786336521776221,4.424269557311993,7.280357095715773,7.211015789694361,6.390323806895171,2.3249562425712087,4.275696691027701,4.08698183106295,4.385192422343331,6.353428902152392,4.339645996850006,3.816355754597076,4.940684067478477,4.084654465310757,5.34302818824987,1.0
5.651233511453646,4.505663270603437,5.740099858009555,4.566064151428407,3.056472912782443,4.3248437930328905,4.175686764769476,5.731655880323758,5.649376677616395,3.216846257652558,3.8668851014750647,4.188562930968384,5.253239135032073,5.845052693279201,4.787293903644445,4.485281550862976,4.232629620781575,3.6359602694274704,4.915214335350513,6.147148504940272,1.0
4.428813301226741,3.989630925172727,4.806027274390332,5.043681684653401,4.641357549156733,5.412833238114242,3.256124335603558,5.006210261928449,4.381916969606392,5.3708369183231985,4.051694273896899,2.4714383115423018,4.636091608396161,4.1632253306469345,5.668134120639272,4.804794943919985,5.339351836224076,5.494607384571586,3.544732281693842,4.512454030407533,1.0
4.6997655558395905,4.886945436389726,3.737518489438054,4.233562247063582,2.9928192558623987,5.597127828205668,3.1405459621831056,3.6523213398236853,4.362068433219962,4.919188240338124,4.592171854606994,4.613285428578868,5.2549049091403415,2.508335198970721,5.523690697348311,4.5377196450369555,5.4526712990328905,4.777959597270365,4.195296725048918,5.527877790281128,1.0
4.839469153908428,5.619812403574848,2.8128130733088903,4.053580921070233,6.058185283615113,3.108839358853876,5.140893826975741,4.813689043068856,5.714166832640599,5.2942419913284695,5.582730878974692,5.664472081238468,5.050131989573323,4.103645775669075,5.188074744915589,6.557158176564501,4.075969573533474,5.610446947455895,5.454677850332076,4.8884822588693115,1.0
5.846925496211129,5.101705763991574,4.739628460506606,3.576188631030476,5.1491416965669545,4.763139929368046,5.167742213738594,5.524792525350476,5.0814116061518515,5.813981334531571,2.932646666858405,5.2668940746779,4.058647958107134,3.300702241698156,4.775326288461622,5.691380399816577,5.150316470891891,4.809316588522626,4.3247430259437145,6.202482235711126,1.0
5.293159162973817,4.299124526068951,5.40992601039999,5.042700752772919,4.996108145966008,4.926279438696828,4.22316444806419,4.179813872383975,3.3773700116590577,4.657400534873366,4.731047418116924,4.850742108664537,5.46400586786645,4.933301163217541,4.671139935263838,6.240291792626749,5.686735080004421,4.006775627552278,6.1064252533594106,4.528878482844475,1.0
5.3086804540263985,5.000194114958014,3.8864943336242,5.690012370403459,5.03104865089265,5.818505708893979,3.397004840718444,3.4987778391192794,3.2261089993523466,4.62954015823563,5.860069795547547,5.775723280334436,6.686221250411789,4.118098070888728,3.314451390548511,6.575397410660745,4.156662884242885,4.557667864310894,3.4653982223979662,3.0547157926993957,1.0
4.937227086355496,5.2313486162033715,3.6062117948882078,4.397665446408079,5.882123021944663,5.436551069824681,7.172556388456167,5.427090503505675,4.407716274111655,3.933366864671587,3.634359006430052,6.002762706525891,4.471941204327526,4.865345945159804,5.238773122167106,3.0651531997674812,5.884203387260467,4.183719183702423,5.599062867260828,5.532920962134465,1.0
4.67691912998068,5.459659950292485,5.2833256916051266,3.8360136031383574,5.4194154911075385,4.974098679110958,4.842382018682411,4.766592781379101,6.342177231505813,4.864120239453355,5.085201762717771,6.0487566568798865,2.9980323203928774,4.986403202791368,5.43433741202413,6.016180352037758,5.4327397367694354,4.995453802012202,4.187937784002372,5.239868590087106,1.0
7.0452013757156156,5.705162489993976,4.088441648393812,4.824415229547829,5.455540560855917,5.575559387512204,5.164246038109798,3.889637216756503,4.674588966303936,6.753867507319478,4.942871732766347,5.1376047474706965,5.297386273614999,5.654869039759633,6.484389564623887,4.182115010530861,3.230741415971382,6.564289795086519,6.142139681001481,3.589851242771111,1.0
4.531658991606809,4.2928867402169475,5.826827669747613,4.416565847065712,4.7710469458769635,5.019361343487984,3.8763415553704625,5.563250912504722,3.69531276996998,2.6780588918522104,4.521064363803426,4.935825109445344,5.823489003812005,4.960476627205082,6.073750825194112,4.36888068516618,7.457544737699541,4.883014835365206,3.491128102595498,5.9988636745185735,1.0
6.513754618789922,3.336809490401929,4.411668011277825,5.4215546822707665,2.88841918866689,4.692293898628703,6.1160792375130395,4.257237213502938,5.310454945133389,5.346459511169822,4.27026392750302,6.331263439245044,5.4643627501892675,3.7214929528327123,4.652228564564295,3.3960739625713483,5.752796957748371,3.924842287598543,4.813060215648363,4.060423981450102,1.0
3.6144196855288175,4.0686479596384775,5.3485691511903575,4.466298096320792,6.180940721667661,4.223599124153423,5.443151195447054,4.33040724897627,3.504960894332406,4.766650730715914,3.388506809351333,6.6810882474143325,6.086027746298456,4.589425110904087,5.060674757497477,3.755591137567481,6.595248923302871,3.9605561222484633,5.837660015972711,6.126191856575573,1.0
5.173051120538242,5.948637942884973,4.668542364659372,5.034219184255354,4.961785508404845,6.2399706604261524,3.982506125900988,6.21605764954734,6.093424092518118,5.919042472634645,3.883777573052053,4.650191226261897,5.857811782390369,4.145347873627094,3.6871768370820117,4.737129700246951,3.615045068745718,6.694567014285102,3.7693888072947104,3.8875990508298086,1.0
3.5576329274750975,5.031164765294212,6.062277357848275,6.929166089013663,5.101740711013949,4.774429787176079,5.021248235912917,5.495889887622198,5.833318604167346,5.8570655979051205,5.412550159482792,6.795039029644049,5.2809606967674325,5.713525163916295,4.040489096351166,4.738749029917735,5.203416227816664,6.7413772723972745,4.482996363242873,5.222591946575784,1.0
5.969406304385092,4.937676834432198,5.487330323833718,3.19837083532634,8.077276216473843,7.064198138275392,2.883876564363548,3.8347422904915054,5.082946363935873,4.126259794995306,4.785875329022704,5.04026533187549,3.9185041616387117,5.912670644862486,3.7012955146866364,4.444587699859522,3.801021845200681,2.4172986208688543,3.626435938992116,4.716615528150621,1.0
4.137549373900527,6.055551059070979,4.904573682797607,3.8169727290241013,4.6138635856165,2.5118809955517465,6.223122995193805,6.20158334356643,4.11938245232184,4.520479984295669,5.316558180679095,6.406393703969929,5.366029636066447,5.686694061320022,4.8429950462032885,4.348834903775103,6.7893368403923375,6.323690245525995,5.633606844573011,4.842443720255015,1.0
6.253433682553496,3.1154453945086926,5.514391444061678,6.995827288205603,2.207009562309418,4.9392765632135776,6.549427423035084,5.062470637630558,4.986340922868004,4.9208773813934785,4.420320793224839,3.7816295448688395,3.2734952158569444,4.714861741810352,6.340684205242063,5.762483301454727,5.735866779323699,4.5510273004875295,3.140192581337348,3.3774029014734133,1.0
5.4033005203144935,5.474573490429875,3.4656616735857666,3.869140319755491,6.7040683337164495,5.938651269654252,4.146240758078408,3.8821546890897274,3.8272367149950073,4.8879650018258385,5.762107684392671,4.0994232819448975,5.7396807581265055,4.281090527376785,5.706094255080423,5.402602696210294,4.72557424356115,4.648238904719,3.3344163514738563,4.506706185968723,1.0
4.1018338326777,3.574076946198586,5.5440959309768845,6.806022952268347,4.08612546481841,3.76007182752683,4.7508323484503725,3.1034370346568068,7.099332566636285,3.5904372646464218,6.620694288761444,4.406653905729656,5.575646105239052,6.988465065326363,2.916180994666039,3.928477629637029,5.4488675038648084,3.7848422263140984,5.453863482039581,4.258099091307516,1.0
5.5989948576449535,6.042559534609399,5.921890385441051,4.610575336821332,6.437201422959017,5.528177644142412,3.1955734630135675,5.076265660133913,5.100572990611576,4.626691201621307,5.422245809640358,4.808465013018746,4.382358463524285,5.391463985391307,4.518548156942777,3.5422833084621335,4.7979963156798355,4.193771388865752,5.666601374070721,4.926678920122962,1.0
5.974589364262124,4.9047247029962575,4.041745069538459,6.7642881823686825,5.30128605817965,5.377066412491395,4.348844931281677,5.250707243675767,5.237173490587314,4.75070270416238,4.779218554721781,4.653205859612977,5.108523807807083,4.089250160821298,4.304188440372563,3.5626514278087624,4.9084021416443715,4.664621560076315,2.100594779856565,3.3889798628684353,1.0
4.015575477862837,5.397156294681291,4.601245904285046,4.107955936695056,4.757702891746452,6.460335931191016,3.3871818335574133,5.678063989249399,4.70574063994697,5.644208214040734,4.048063069088084,5.8385050952448,4.341078005775773,4.466020742190944,4.666615044353261,4.599317200099486,5.311019279814295,3.694777856691334,4.574472570083795,3.395490737996325,1.0
4.00700645724665,5.096648926291659,5.174993160335403,5.658842202837558,3.486999842023125,3.4714299086506015,4.203273982392602,5.493027246186729,7.188207785549567,4.735639971336545,7.084691468805792,5.1360216880865055,3.983741862320944,5.001185614158551,5.642807292107505,4.004740832818949,2.3413177960623885,5.9283743449355795,5.305132735615355,5.061658719139424,1.0
5.85429950549668,5.54707762436924,3.678209989413891,5.68814138232579,4.1509814654045964,5.6872846263376235,4.567107164377915,4.39206175013711,4.8805348945763924,6.14345340386128,6.247239369961425,3.6166465936329772,6.0658564398204575,3.891734861545658,6.506267390662391,5.519093020221616,5.06650828467058,3.7235777243230417,5.527748864134843,4.803859235794944,1.0
6.980521646700588,4.426396809795802,3.849898382652923,4.609414646415222,5.049050261929377,4.226072203775537,6.039402289558544,6.1190792066349236,3.310883822514574,3.550520989084635,5.885483211070485,4.703812025344567,4.10052995705341,5.718567987311151,5.524215442114608,5.157742328008336,4.41179755236091,5.547824752609327,4.101968297283334,4.375298623467334,1.0
2.03691572388568,5.921404900612662,3.8462212531873736,4.117243069473461,5.665232404442954,4.845246305466113,4.632168691126382,4.874325335328592,6.003853580959423,5.687544853072946,4.383014617248631,4.294133279154846,5.6903819876291255,4.940311055669269,4.327731641259968,4.194345702615435,4.079745461454878,5.214180565312308,4.56431041571027,3.4061739647373948,1.0
6.864833379955151,4.482166275367016,4.439179600919741,4.98306439838604,3.7399654225601076,4.208450604005092,3.649541026627719,5.780321394012446,2.2997772783274653,5.0083307344670365,4.312716673570321,4.9647886312272815,6.084016362766319,4.51506303462303,4.972690532629072,3.9657277159474553,4.566258401488134,5.830170425734735,7.2054887745428875,5.34459881977132,1.0
5.2990238898343955,2.8722005946100047,6.2500038585249955,5.806908944258488,4.750387411194884,4.196705586812051,5.9761017602259034,3.8101746089592625,4.798445636932594,6.3628362411239285,4.434510082180958,3.3346932828264784,5.816232234911328,4.505907638643906,3.099154473405847,7.265825868537839,5.5593790678633335,5.349656558630352,7.386706024174072,4.570554356708007,1.0
4.45400720538745,3.899815933580681,5.105681623205372,4.908206072963857,4.375299140208644,5.903320372186917,5.0975055803530624,5.5084868575048915,5.653381595673896,6.294250921229228,4.087082853112362,3.1521213969172575,5.841255385858806,5.565342955703615,3.374979898982405,5.425852005850201,6.596678132503987,6.055727648676473,4.707419092817552,4.051491094516299,1.0
4.657385613684765,4.690893358388952,6.050938866389806,7.092194728661669,3.1655798508189554,6.1205522402715085,4.441618027640075,5.503255894472628,5.777783449543843,5.117132639047394,3.1904316303984084,4.731520052541987,4.474694761152262,3.7533413978293844,3.780322459537722,4.137661366792539,4.8322734856192815,5.111013860399734,5.568731924565474,4.386336726575905,1.0
5.835078179864249,3.600324025715504,4.349581749838108,5.859697117321716,5.721324914237146,5.369628180336206,4.175274382928862,4.0658057507015535,6.092535985071182,5.993579351354147,5.35077111225054,4.72325739894236,3.7993526527279915,5.255627292735337,6.726114319821753,4.80262359194616,4.758605481868658,3.9580554213161343,4.915335534794167,4.29013540469095,1.0
5.481927769626008,4.084713273234138,5.095085742102764,5.74445989371718,6.467277042415922,5.657550321887699,5.107466481489987,6.44179268810269,3.728831023705445,6.211061958633397,6.590268807326993,5.601041988577752,8.005886139616347,6.076518200372785,3.7153183688285116,7.322345135943127,5.776822517147451,3.21456433154122,7.094091796508819,2.765863177341372,1.0
3.975176374122281,5.6562640092985,5.490125168882451,5.853266944248156,6.202249708112745,6.074545361492824,4.14190319708578,4.072042677633334,4.693845658611486,5.731341514408258,6.357495858706711,6.109485322412137,4.296417282563322,6.473275780661211,4.9111655592525425,4.965050786190833,5.686986090159978,4.488145506372309,5.793888510400702,4.211748696371542,1.0
6.829873973361681,6.12559817663347,5.888577758525791,5.543233051694952,3.0257828998701912,4.455851216954804,2.6363918903105517,4.799174839801875,4.216106187471842,4.900164173594617,5.096394957829898,5.08939466685565,5.957872919788451,4.855569685666009,6.515676918217334,4.588430061663145,4.853223307928041,5.267072874401537,4.497784702554794,5.822705934994386,1.0
3.9114650687127033,3.4726695240897056,6.091327314657118,6.4184393369505415,4.722335903830777,5.963301817297437,4.010748624919404,5.818553879585058,5.360988818543861,6.303563298135916,4.286053596598327,3.443077613634978,3.7195787739766857,5.6122642529687194,3.389431419152655,4.121314626330425,4.930350541817461,3.713424828842539,3.7612555109593053,5.395632667568157,1.0
4.630966624399336,3.5438374727980992,3.0552565654725967,5.816797007765653,3.8535193214118397,4.750753640311606,4.994206240894209,2.6828803236921925,6.169945491428257,5.932079141283289,6.283992607454398,4.398098380141276,6.830267908540039,7.066995460464203,5.431794107328627,5.429923479989078,4.142619209353162,5.775817448190388,5.020201472981746,3.973212583303689,1.0
4.475703760325379,5.203386538103347,5.34585571796783,5.7184363184345965,5.115189434336896,5.023000300973505,4.085214938312056,5.426258187970975,4.8935676832086035,5.468709861509668,3.4886974248411704,6.392976286420228,3.363709490880793,4.61781352606877,5.348386617287749,4.828132564751178,6.060195706664096,4.53338442474207,5.661662010803359,4.457580231997011,1.0
5.517372597527898,4.365730869948888,5.3357477761296925,4.498156017018257,6.5536656783412015,5.131049371052443,4.309030012607321,5.754340403425301,3.5923349497134236,5.832830761629553,4.1713154929531875,5.206589662740029,4.0697084481194565,4.1125085635681415,5.0505490887311515,6.095600108133182,5.596893280303952,3.8465099381600343,5.390064960576416,4.211527678811169,1.0
4.388385969008891,4.306881226391409,3.9121683374874934,4.320496002439257,5.984886393705555,2.997534854947922,4.7334637667292,3.8425914403695383,5.625337390060132,4.761737676708474,2.554826966039959,5.208999146052105,5.35278978724195,3.3677980798750218,3.9059810647659714,5.794768380221512,5.366136111688322,5.4307232086708765,4.652833748317876,6.228843366657216,1.0
3.6857866584689662,5.416282750632117,5.595797348210925,5.72964273026048,4.921184638731161,3.2151435638666,4.709058555160266,5.556420434412362,4.343860941197785,3.2233624910904455,4.272415075149232,6.163921794243517,4.188604265116327,4.114097343141236,4.743708670139628,4.915017603602687,5.168369124063283,4.992693041723846,5.852116538229819,5.288305489396693,1.0
5.363101582942729,5.863651621062953,3.918824375419263,3.5592936096304917,4.170859456416155,7.54784178078369,5.006091290214601,5.081704202604254,4.960557324627146,5.715602312431171,4.273109668228751,5.896093130720239,4.351028081240711,6.334650354563987,6.980694661624163,5.553494459587085,2.7429320495839495,4.752302285018434,4.531311741003575,4.659924732608262,1.0
4.575636364125239,3.6608271206272014,5.142004419438223,5.847390477437932,4.307486922776945,4.321905960282191,4.63474685884412,5.471606966329065,5.659016724308739,4.851464761569417,5.438163039860631,4.624063582192584,6.879827738094157,4.912384424304478,5.41234582885574,5.69322973730883,4.112291510968431,4.152674736139527,6.363384615101343,5.370460565641947,1.0
5.5252302596623375,4.617717585688142,4.338208439774432,4.578427126158899,5.693299935167274,4.309982448589794,3.935136415334826,5.91120564759811,5.284028884109163,3.6942805919297097,4.978045791854933,5.0834981813900875,4.895165093081951,2.73691462877915,5.868620994231263,4.712818135448465,3.9445512021381974,3.7922363310897573,5.429476457604196,5.193810039100026,1.0
4.828393147598848,4.167001336181136,4.723118938747026,4.223709183302702,6.3639167537272545,5.161335542821681,5.700888983117296,6.386976105757061,4.743601629868553,6.326221362440527,2.856931298104486,5.382557179958485,6.421188583739254,5.018073337581296,2.2614051687667556,6.375814848339934,4.794935451366546,4.752241044034499,5.248990151579523,4.95477744099643,1.0
6.176104701792683,4.544314105595112,5.22751003127421,3.7796037802523443,4.586174544902313,6.063405562432939,3.829366596752523,5.838354536323915,7.857661120160576,5.080693173226161,4.193699388273893,5.4063341786208134,5.9375229391475575,5.191533985417931,3.842214567913305,3.83434466609433,6.068769176868595,4.448459798301416,5.78216877712497,4.992555585125586,1.0
3.4678442952521547,4.758219756575387,4.260440606523651,5.085850392002204,6.349162367170754,5.014829658734927,5.203138606548528,5.126923243285851,3.6735942686114864,5.401215217081092,4.639901408401742,4.761081831502437,4.807860637191567,4.218993989057493,4.638070350592866,6.57518476215299,4.868659458090953,4.3638603711530255,4.893562161732824,4.972998703071765,1.0
4.942875198473769,4.9365410776186485,4.1758428972455,5.262826381870339,5.419061149145484,3.0722596132042526,4.475086531336248,5.419979421835623,4.816695628906909,4.894897437603296,4.450847234257573,4.922614087252715,5.584906781458447,4.0836951879909575,6.510966616431051,4.72083690156193,5.995782252947243,4.971960804660242,4.67279208616014,3.9093613395747333,1.0
5.2325700892425635,6.432755085944956,7.503033951393224,5.298645514831981,2.9470612820513553,6.491506389308487,3.75276215865956,5.324526500619324,5.427379202893883,7.793013340184149,6.641038373588344,5.8013874182707745,5.736171933568506,4.9983665595825,3.294894837852508,6.253829214827116,3.4190727998579717,4.3327074258774,5.397129330609287,4.997858930326558,1.0
6.485107647364884,5.190443476708591,4.550829698930144,4.815335460935945,6.997293637356236,3.7871724202756862,4.434227608345156,4.272152670857378,5.465921616399179,4.0017297055961345,4.8279045382282195,6.033498534140974,5.996449951511143,6.330579499550335,5.131242129749553,4.4674196838934455,4.76698217400415,4.930211785459753,6.424655766824412,4.332132374058286,1.0
5.816055086904321,3.9496003030490803,3.4658069666562232,4.305212744472695,6.913595914340173,6.421157120357524,6.193259365670473,3.3064619899964947,4.181689726452918,4.224454472215287,4.08015148832864,5.2499846743552725,6.9398456107188355,1.4303816996571888,5.25103941828793,4.811610751580915,4.407625769744228,5.35320097949588,7.493952279860451,5.478094351796166,1.0
4.93328093134361,4.597043587381811,5.288987262823639,5.211813784737643,4.212440468912347,5.395391208694634,3.570396927872301,6.588185043269281,4.596919255055198,5.632080927317592,5.69612643220732,4.551990114514374,5.87686527112807,5.605320242536306,5.515356283902122,5.341556439199765,5.114675943638685,5.747647340132689,5.602396784792872,5.4881595503055625,1.0
4.763393997340409,5.994431062558558,5.634500719099885,4.285040137837124,5.012833642627388,4.968550473574644,5.2273974904605485,5.797024719768106,5.229241022310931,6.80251977754949,5.98013275484368,5.15776206786503,4.955758097629591,5.609153015044284,4.101597050215308,5.919901539669969,6.125436503620621,5.596325122293095,6.693401721248062,3.9357088474130393,1.0
5.514062716391882,5.3629813544637095,5.356226917944806,7.732912599313862,3.3622322229226667,4.3592961528407725,5.030666632932462,4.811071384083709,3.986685848229688,4.275128593084644,5.448615937218152,6.816949714437079,5.7013288972904554,5.77381556000489,4.227353974834917,4.4486005562658475,4.4609460167585935,4.881163348503242,3.8107862785822806,3.9391279232270597,1.0
5.585375533268781,4.254546808846186,5.669237092670265,4.081325304213016,5.877541991824153,4.068968079660573,4.352047375332588,4.821969943323111,4.514109840892495,4.9946764487237365,5.691192614787033,6.912420892613122,4.201995022021049,3.556824152055964,4.4319139620205075,3.789871032624074,3.9968797647162595,4.60324618832565,3.8115258825168814,3.863851839106312,1.0
6.188636146800956,4.4218264749250205,4.752563614907992,4.500624600074505,3.949336586715054,5.4613289337115685,6.42305854894559,5.360078396254021,5.494913636339526,4.7316532829843165,5.7334505053775855,4.630603308840602,4.814781735706667,5.154485591728063,4.837156786078089,4.659147987713807,4.067169657507218,6.226765547551104,5.042185036700111,5.800528818375658,1.0
5.769748081325791,2.9232818727077485,2.575614861377389,5.286382564703513,3.425818063360177,5.620131363953067,4.261394719348246,6.959908693003202,5.471075779730232,5.523630877729486,4.77878277084164,4.172005158697245,3.3182023651197152,4.8008278783315,3.6204575187270813,5.261200342780907,5.670709947298973,6.5666544079776275,3.769853163541769,4.788932976487169,1.0
6.1324965876457345,7.748358330100222,5.758230616131555,5.203346861476536,5.509821905080673,3.896751068711835,4.0536627948444135,5.3674104764184705,3.6492606364126736,3.8344366501630587,4.7157522608124145,5.329214644944636,4.784863020065045,5.361203967435525,5.035327579054648,4.90921605558628,4.169295336806172,5.513170869404304,3.4252321592181616,7.368797110323099,1.0
4.454938455304675,4.463453515209175,3.6799049912366377,4.311247652436645,5.006320716797916,6.284222235013184,5.513971873731977,5.740678654819322,5.299895799738326,4.871651294332062,3.048024011278292,4.053605648246362,3.9411061187336207,6.12199835823658,6.073988968496472,5.733226327368213,5.769451393290003,5.407528871413519,4.862670985379142,5.4666504478531515,1.0
5.866053257178737,4.229863809582556,5.650533213222135,5.165519297443837,6.359930822592747,3.8952255767527886,4.4855697326512995,4.660144721455042,2.917112668080948,5.095398418088241,4.640434388948767,5.197472176448692,5.730168603904815,5.197927973531895,5.100133514869159,4.128063225017709,5.611641987705918,4.687854416869627,6.07939390623252,2.5788460195900202,1.0
6.044827686799474,6.2903163996551195,3.1030051440194133,4.594314713020768,5.538321345417844,6.241673515966665,4.8332328177696775,2.7332183871588778,3.1196764452142283,3.0586590118023533,6.104022345073884,5.523185046483172,7.465852272179733,4.864879318936961,5.434659965171408,6.956312756764882,6.036089480591953,4.4636258552318955,3.5677528289500104,6.562018803893216,1.0
6.148422898268975,6.1870515433326725,7.116496062542433,4.79652700580562,4.629860242922286,5.599291748199032,4.313676908561444,5.388452530549902,5.054608700259753,4.273312775489542,5.05319294801345,6.348393774367418,4.765898090577909,6.742667828161528,5.746919939106681,5.157850326502425,6.306618838930759,6.138796135052504,4.545416489329669,5.887565655506014,1.0
3.321222732185963,5.583153788437083,4.62451009630064,5.944355089408725,5.131859038928276,5.106874401379251,5.162627204040466,5.854804297815519,5.774580360898658,6.786955054120495,5.866456727689407,4.71736046723917,3.8844906003263384,5.253456524418051,4.0834779203369855,4.376103943609567,4.816163245094596,5.195908879790567,6.29757428951489,3.6235969623833224,1.0
5.6815615555736905,3.019692523649069,3.5665071433663105,5.842844584968931,6.79980367420257,5.7499702239924275,3.9316959648175906,5.629484699676237,5.665122493248217,4.731868963496873,3.9033462399807366,3.3520989101343357,5.049349407189127,5.786441577223513,5.148889630567774,6.275310689743957,4.252210694157843,4.70710573338097,4.169161461208919,6.220018527903813,1.0
5.275779970449163,4.637263254633435,5.755644239132668,3.8301846188085324,4.5202695284336905,4.5738620245061865,5.8678855863167865,5.086648596145355,5.054550178917563,3.533157284544969,5.025803658129957,3.357900312481191,2.963032663075888,4.587326954757477,4.306365782187954,4.733910883175689,5.527402518796922,4.73815692588368,4.329169968665562,5.043203445522399,1.0
4.456646020185475,4.3235423677406555,4.557451448250246,5.262925049380639,5.331404268343938,6.3083374127485214,6.840192500322477,5.857751184221492,7.7010633710048975,3.423098216962662,5.383668026757745,5.8744338566926055,3.793318534591096,6.117665475002182,4.848863836660667,5.0811158404199555,5.624855313289677,4.224691129778594,4.615718747771923,5.6154034792779,1.0
5.676235524899659,4.673962452133844,6.163835332449357,6.635965632078456,3.7334506887118066,7.297096296618685,3.1837864882165476,4.8953482036690925,3.5911104192025856,4.636827294368347,6.249535682995963,5.944180684367753,4.281915804800938,4.066011890054667,5.9567757445134495,5.462142551122639,4.138576663897359,5.940945049549825,5.075885313934139,6.3116913816348035,1.0
5.750844775648032,5.152549839123014,4.469073785096967,5.173352357126637,2.453100892311346,4.1967251762731435,5.546206858268791,6.128581571786922,4.175055824696464,6.1547541812829,4.5695189829414575,4.846291329685623,4.323402402208556,5.366474165572464,5.181722924628181,4.530862806824942,6.317620705180206,5.05374574577709,5.968689507574989,4.730523055883025,1.0
4.653891012923392,5.376408802527582,5.366974452416819,4.778749943185978,5.53833351369414,4.129853786954147,5.843345563364284,3.571996961213271,4.602247800896754,5.027617357534968,2.678744854283852,4.266886352043893,4.712608950458375,5.107358784355178,3.8508737839303504,4.895984304830377,5.678138208483022,7.617575012894852,5.22854260947298,5.744080036252088,1.0
4.5131013040948575,4.521005049124486,5.572187665291283,3.981657207509253,6.365341290259156,4.596679450893857,5.996576902039668,6.284235790487691,5.934811378171189,4.976412651595729,4.323024582678169,3.7614273284696442,6.308821161081031,6.698814822170519,6.530502975815892,6.438589346028474,5.2728597010411065,3.940154981812422,6.032115277274754,5.955815909802004,1.0
4.2762524049241915,6.703124419979881,4.184753991005259,3.8315742166649844,5.304283157609402,2.712923309337881,4.943544422820769,4.751439554951279,3.817659629743897,5.902463758854443,3.7952868617552795,4.402898944654619,5.7804597409564265,4.963658988625957,5.268039159124599,7.901108932609613,5.09135050589052,4.4936588165000035,5.842235399661412,5.208876772039289,1.0
3.8913308887984606,6.457177218587356,6.061908626108668,4.893842733892169,4.7795620446779905,4.523881166541203,4.884779531733938,4.624338914890864,4.041984396176318,4.122990103025743,4.716856250485825,4.227081565422736,4.683192528768557,7.013147124406322,3.998136301388235,4.757527750748484,3.01019168794703,3.9269383186609077,4.656122725048054,4.664575753597074,1.0
4.492880905242881,6.835919732402507,5.569599883826796,3.5706840750328617,4.835231385284664,6.511765784742778,4.834730174457161,4.541777985009967,6.170152350347131,3.8620522921435843,3.753043327199639,4.640171862106039,5.3041781182648275,6.042092071846949,5.260906863997898,4.221387685505607,4.92116137269068,4.2355148181910565,5.819586430993021,4.914755983243457,1.0
4.187331184184282,2.846249833269983,3.5483557882400536,5.372671687656146,3.989220816856913,4.42166573500965,5.536545874422451,4.462040844954733,3.323488483329565,4.016475705861769,5.339166836535117,4.405073454239563,4.3589273595049995,5.892556153252662,5.136445216147305,4.859494125593183,5.471750336212796,5.6367230557975585,5.759369496501279,4.207275881457078,1.0
4.546363039872098,6.056577617148447,5.753039430249436,5.471028608771486,4.48017599858507,5.751784231623964,5.98865319556144,4.765662238374391,4.018262963279475,3.3533554506604544,5.125514923058451,3.2681503085612613,4.929853848475245,4.305740276624293,4.19091787969874,5.417622954964172,5.323860389392072,7.256435833099497,5.7679765448619404,6.523636984557094,1.0
7.01679381466201,5.043442446005435,3.051759714572748,6.181348517918465,5.072089168435667,3.0818638825361484,6.666562114070037,3.448237449639339,4.94782141556852,5.216360610511843,5.0444567246620835,4.0141100213788565,4.237018048125022,5.392813465839922,3.9244893034426416,4.913008292212716,4.806667450567131,6.176230846372967,4.2912173305450105,4.639831121360481,1.0
5.839063404270706,6.204291409369097,6.6412843260376375,5.064246269558858,4.708595607251548,5.2360169995494985,7.13667104344918,6.0613995320946215,5.622043800761608,5.770148555899155,5.512559050408251,4.952573341734577,4.328546038558777,4.556390071684804,5.3351041921536995,5.711537707826459,4.291999087213063,4.672345589279479,7.043335894441995,6.767664609788425,1.0
5.289643367973461,5.735499414105972,4.587338699703428,2.850919243279987,6.014568288289583,6.096792972403545,4.994480494351131,5.051202764034394,3.9021850351814686,6.077917076617211,6.72841025702593,5.347352181529174,4.640451135397544,4.76468373954417,5.3279743430095,3.9788036317540363,4.4810358963591845,5.325156947438348,6.7030935391038104,4.463766187708268,1.0
4.28133656307691,2.8255119989121398,7.017606584746142,3.467553282252603,5.320483232968338,5.328784701213864,5.0581965739229755,6.052942164583771,6.262476108720131,5.7558823142799795,3.5151669277963604,4.481079521145251,5.4134043770906155,5.24351970078093,5.0875180479358155,3.2851374789153347,3.00224829813883,3.6008213879045665,6.239922350521674,6.416604838401534,1.0
5.661536552314266,5.189616768120102,4.945464555355229,4.536692886623341,5.273512539693922,5.963481033313757,4.921485875892717,5.155464290305543,4.811846122547583,6.310198601754933,2.893803258423157,4.974832119366835,5.7211589530303115,4.569199116665116,4.460805775118773,4.530485048162964,6.058287784627902,6.349899246828177,5.656222390416923,5.144016656424176,1.0
3.651465482046349,2.508885075227803,4.452024625128596,4.245202997491696,4.718558395671371,4.6451915396389385,5.79933472666896,5.2462704770469415,7.372691895948609,4.965458785720064,4.391188451052662,4.620992021998259,5.751327841492726,6.6853034008044485,4.852386867609307,5.124350158142385,5.379054633565097,5.785909950253067,3.5376488265682235,5.625385741077288,1.0
3.3501825409446715,4.718779436687451,4.788051369616957,4.341625114695646,3.932049426768008,4.697346129202135,5.497801929413747,4.195727398832246,6.831026450063028,4.644972164578993,5.489583789825112,5.057201985442182,6.152917619635806,5.178156101576618,5.709441755474646,4.687444829380504,4.9180074835848275,5.87500246660502,4.113603587644902,2.5435419875723833,1.0
5.188046068697217,4.9406906575485605,5.5998488679114615,4.333092150017425,4.631297193458171,3.3525681789719526,6.543821869780401,4.1744913329438695,3.9274416036885977,4.6318910476191135,6.83881887376366,5.15420714744556,4.035334777238789,6.257087050643788,5.752941728482104,3.305659343589311,5.191994151665019,4.556464181009606,5.832217894252388,5.809584479060039,1.0
4.121751140108696,6.006757082192102,4.681895394393331,4.133044757643215,3.2905704056105325,3.694577757796067,5.974026367539659,8.93142614051131,5.3858100578316845,6.620983736867465,5.372156705786967,4.151600733501557,6.071047906020616,5.592633193415358,5.0623924394849125,4.854402716972422,3.8018697957159673,7.320033622380088,6.840893225456869,5.3247377221496635,1.0
5.329614652594376,5.938493329948024,6.550533000660674,8.141522354162298,3.2483818718892725,5.316666936842726,3.956346921784969,3.30124730375871,3.066660387260569,5.7416065147287245,5.721075141999488,3.0018024272470822,5.137289860245076,5.0695801343207805,6.272459886629526,4.001246656589907,4.853682965862321,4.874143866667966,3.1735717079038634,6.012408710962401,1.0
6.502178305690982,3.4467309684505363,4.947080228731934,6.3257728972596885,5.140181457620137,3.765514736607571,6.665697947935652,5.237427490819702,5.949358397126338,4.89350029271118,5.555752617171024,5.645902175772351,4.163553102350441,4.229914611424919,6.9058250476861165,3.8621543744214915,4.959762512347019,6.091136961581144,5.531536245702755,5.218724776469074,1.0
5.768799528418526,5.376869659928352,5.11617650037587,4.910710331300603,6.777029332004666,5.257576820966815,5.28719939672322,6.964018216318699,4.701522910846181,4.538107720691221,5.364660926394944,5.128004115052017,4.9986504346984,4.083251109242398,4.032994731575017,4.854611425636791,4.751693813749339,5.685922816889415,4.470557039928506,5.282611887947667,1.0
4.001046062810744,4.167080549992788,5.931874044989889,5.448727505528764,7.060177939754791,5.592139881868084,5.630609533613221,4.838935582549365,6.10076127303944,4.063770105382704,6.063776969644573,5.634609782682514,5.1920534783363586,4.341883853429608,4.714572294148532,6.118277888340587,4.7224185564968835,4.977001106053087,5.389046797051215,5.358807308679601,1.0
4.525069646131438,5.812085804905203,5.620079704078464,4.818346563215646,4.568670956051713,5.136266437344721,4.069112395226952,3.675136376099334,4.984136549728184,5.456467098307344,6.435612528650677,4.816875496505209,2.478513098325235,4.722927234905931,3.226444416553926,2.7542182546587104,5.081729101211477,5.0865533305940405,5.474622199247829,4.932087066028934,1.0
4.6477105751845444,3.430277629309131,5.007026991254615,7.171730508817806,4.984816477851293,4.955280337568571,7.423566268241549,5.270257633894237,5.925894487077384,5.269991849033094,5.004828404179387,3.5367324371488023,6.272000436537142,5.870191110202808,4.9459731782251755,4.498400725114299,3.908379359202012,3.95252102216193,4.503462531115644,5.041789460105126,1.0
5.1644716565938165,4.237775377850937,5.3069417244861,4.51277496428354,4.890627201373417,4.611571669899032,4.777421525082788,4.4071904137263775,4.649852974990326,4.74455743558048,4.9697644240315535,4.375773582909951,5.425023771397424,3.812457608828792,5.971266382132589,4.457663014815891,6.894073429442372,7.014807812198688,3.4226939248109653,4.590094965944002,1.0
5.7277174579110195,3.4791753851336855,4.9926721137204275,4.794059275386106,4.956084745736872,5.486195204236906,5.324960022827804,3.4959322709983094,5.754911302111763,2.9556506409352954,5.517985381543521,4.405167336548327,6.890093758506594,4.914361121735742,4.23498680992571,5.637912220419714,7.321347204499153,6.1155437589230175,3.5778882996992474,4.571136016292943,1.0
5.296749337742588,6.409224748384511,5.750189271048265,3.0527459927597276,4.935198435200416,4.559570608107193,4.682266558816471,6.972993950379064,4.232962116292807,4.645525729651105,5.590353769491624,4.154618869429935,5.1324787633985025,3.09219257371688,3.9374561568707502,5.5426689527768005,6.444403014166377,5.617835444992276,5.267276664508254,3.646456888387476,1.0
5.696242867542031,4.0502788989940735,5.576739046868295,6.530042805169672,5.974713253075242,5.031963321850063,5.773050122774112,5.344801294431925,6.376489126473539,4.382152852035867,6.558113586786501,6.61698514885817,4.711248145990676,4.640567430001735,7.1406955811659145,3.4725307621370307,4.447235073457759,3.283704132022195,4.682317406846835,3.8888269008441245,1.0
5.918885367194569,3.5614346915371176,3.5981575440391564,3.2623179714121484,5.772566184868485,5.257196159731286,5.052115813876828,5.487683787302536,4.248109206069911,4.140552931136448,3.7233998277865963,5.279028960407651,5.24260865877577,5.9674112244182815,6.065620171026724,6.39271797589446,5.4533975883144326,6.451601674393568,4.2236120245381015,4.522566244675081,1.0
3.850426295689224,5.120807378828888,4.606493417066855,3.631099234783836,5.13585029800288,5.161582367091702,4.8179345191583725,4.437509164014793,5.771625188433831,5.247195684732663,5.719291809175213,6.179354844406814,3.384296230059471,5.323257347050248,4.741559469914808,5.2060929342555795,3.2683594334453003,4.9769907804862425,4.608621752588842,4.259794948012949,1.0
3.8885980510306934,5.20781209086907,4.803361856763529,5.152707858352723,4.9604445045333785,5.033612609140845,3.8800051928183272,3.7852709536851377,5.176392849126286,4.2300360493446885,4.03853039149723,5.777454920809278,3.231250859718773,4.636506422354206,3.606323839931883,4.986876279374961,3.210441949349317,6.99637940271889,4.172185383650893,5.200320599545297,1.0
6.681212740577914,3.8698244090490204,5.136167939116989,5.020419681757754,4.960571971841821,3.5398306139866014,4.242574273152723,4.499952080248765,4.635489428199719,3.06411556827274,4.122324432295323,5.137922451970895,5.519515315693442,4.53679965614679,4.6598398360734565,3.7193311457335154,4.617073157481123,5.035121424648972,5.228221965681764,5.787151151083507,1.0
4.684653087772273,5.232853470214555,4.175881016331947,6.304670084052809,5.579066301649765,6.118069148199565,5.090958301704001,5.413761033720544,3.571265188057069,5.098440509231371,5.3924938194142795,6.023494302346308,4.931073757319905,5.873660152075715,5.532083040903859,5.311780485118738,5.7374551784854875,5.58002492209347,5.443294163164024,4.864501482573152,1.0
6.8350348584077345,4.287651011275937,4.369476776868551,5.117496171868479,6.425826179607513,4.76579829801899,3.8404913379823666,4.1324456837011425,4.00797737638413,5.630665939835133,4.5622348364960805,5.859658118836058,4.583777515337,3.2500043052980643,4.922261476495861,4.285470270588456,5.073151135528495,5.60272520816246,3.9910667737502417,4.60462826231553,1.0
4.488999795471075,6.674535921997045,6.145695386717495,3.2045512954700963,3.9624066414987524,6.379814766712936,5.942174663685023,5.47912743506754,4.275815734246174,4.640782312440589,4.636100022773632,5.3636752556347735,4.634552000111681,4.107393610159449,4.828426239197442,5.319750749800995,5.836803629728399,4.512971069007211,4.717075555144364,4.2777822842717725,1.0
6.784083136550879,4.7200479165630025,4.510313010518822,6.552143958456778,6.5813490830295,5.277470378771753,4.30798732282327,4.122626693708497,4.775725192637693,4.441844327290857,5.522068786607336,5.315498639139079,3.4562413936008323,4.487049465548508,3.525664184450547,4.773726681378369,5.227422344431014,5.627041211719385,4.338410298629646,3.9986482357044917,1.0
5.819836060429612,5.67224494960546,4.760806957036159,5.238448784559657,4.573985055782993,5.490864435092697,3.579636257524812,4.491288334698953,4.441285370892729,5.193695551030494,6.236513323617831,4.252814223462171,3.950988232249002,6.506202158176428,4.484974839053644,5.921316263395874,4.572613432818966,4.457468885725696,4.824065327706347,3.7069838828675543,1.0
5.468190412813127,5.002575408928927,3.5135829449198717,5.718100450811434,4.504516839280223,5.18022158064391,5.248227210607921,3.2782619900141796,5.6107723952877,4.77220440912371,3.7348556035845304,5.606636445062972,5.9845011934411145,1.9379700616223983,6.028933008182623,6.404661252395494,4.91995034664762,3.9572660713749874,6.693144115415701,5.930073894453618,1.0
5.535036474122173,4.662022818300203,4.262425829180833,5.562206291119758,4.33659977070514,6.147334568984037,5.8754427432374,5.726059645691188,6.515477209443592,4.7956100977685505,4.615175331855259,6.371232303714054,5.848748332970688,5.303126125799437,6.105275172881013,5.65006568038346,3.7496944797685634,4.58467259437097,3.4013886166475213,7.173916220084761,1.0
4.6704458245586284,4.387298136949375,6.943511360232595,4.318785908353742,4.34383301162702,5.9144415559832515,6.019644511636957,5.52940379045519,5.200912311539728,5.858651046488228,5.2398577567228415,5.645738268931921,3.583245322877059,6.589892713458218,4.6221265071964845,4.683149266971917,5.659683970912008,6.078335735726402,5.017338635996545,3.5068148338706018,1.0
5.656882181070234,5.499107705065939,4.326367761095854,4.217809753659721,4.698437868483592,5.285627116345445,4.933723302070732,5.078338280757134,6.728511161881597,3.702709608718452,4.438961276792535,4.664214318823567,5.4491402481906,4.495274414087702,5.918567803082078,5.004112800066995,4.126040194029442,4.651565392665155,4.851576260868118,4.174526714470195,1.0
5.210482794379328,3.3651172715621454,5.307273303888962,5.806521020067663,3.9964810760285547,4.095013547774228,6.007539168434543,7.394238717252177,5.059552661953968,3.9075704835147542,5.135798400173892,7.117975878759948,6.0240446181222715,5.992477227349467,5.314704557489672,3.3821651362194047,5.500255269463457,5.359089273760205,4.822321910059952,5.647372746260945,1.0
4.388427180509369,4.3022137959100695,5.090205291109802,3.9385699723328775,4.515945662728559,4.608006099544938,6.776561968617623,4.886837136168015,3.4650444590960516,6.585946210076765,5.504707806038462,4.8463750537386305,5.834982791081341,3.2046231289599665,4.621881371338706,6.408653103380217,4.894603670787787,6.801180511452605,4.316705391071304,5.9103843909428875,1.0
6.43497291667593,6.093764003430655,3.805106120631004,5.180007336986481,4.051640061443753,5.639267474665536,3.9397899163497576,4.870176775485674,4.119531637501506,6.136933836657126,5.556926133845138,4.490578651854354,3.834004432415292,4.7322105258368055,4.230145541698323,4.308811961230065,3.8022777138824457,5.1404641587464495,6.463703666166376,5.813758324363907,1.0
4.7686425959353285,5.985615732046986,4.826772017611364,3.58450441686489,4.079251011557606,6.005817177333738,7.430643826007035,5.16338977771463,6.6587525352848775,5.261344112256086,5.990780906284256,5.043174685765678,4.84131248796301,6.63328719011195,6.519292868977645,4.738015052860308,5.62058409906298,4.356208480419575,4.328940788805751,4.4932809394590905,1.0
5.307486249962698,4.038509292510418,4.488288037464862,4.66664502352887,6.1145347908698096,5.1338198769644325,5.635456944911669,5.660156304892248,3.141270018562164,5.804888338024284,5.196219521684708,2.7331826810076576,3.4856370616867176,2.9883486800840218,4.072030299839463,5.704435952143827,3.804304516679566,5.230799043655485,2.887577751250057,5.567230207198689,1.0
6.023107898457266,6.209454103168935,5.788418937112685,5.674294637975029,5.9311726153939235,5.081653321522512,4.971022614077407,4.792294671686746,3.0855521891224464,5.153784050782554,6.488627507308112,4.299276921958561,6.037203175025915,4.659902384922113,4.1035797157581,5.112153408050186,4.974189565288606,5.446784186835681,4.926063840046087,5.004442762016188,1.0
5.915273680305525,3.6824065687115297,3.451677796527754,6.577140188060518,6.049035053717259,5.139496171951967,4.643086307688263,5.41025772583683,4.593145234480289,3.1859075390311373,5.6583298793555,4.017956366529983,5.1438529230844585,5.0381494512380085,4.104550421870013,3.566828649401682,3.9122483064410054,4.3373165671920075,2.697132489103908,4.245783862432223,1.0
6.4844316398559005,4.245442853762879,4.041194048098163,3.7584362295523412,4.360254266655127,6.588239104141295,6.419128237643435,5.863145673272928,5.8583285797301565,4.908918889317037,6.126390187731493,4.413847624292411,7.101707313563574,4.011610317344801,6.294335703743232,5.630730302823854,6.114934587196094,4.184239020072543,6.267666089351843,3.770425813798672,1.0
3.4975866188069267,5.055461702643822,4.811350053230476,4.826277009886714,3.9674735832803036,6.649141934465561,4.279813821619857,5.745218825934017,5.910023754690264,5.286793998901294,5.410720630700626,5.0769917521698,6.364162353234267,4.794656324026443,4.174037018403134,5.189776358168661,5.518440524285003,4.723900137779481,6.944205208347594,4.855793924598866,1.0
5.796273219946082,5.830616211131484,6.457081921334166,6.160468641260191,4.114622333352901,4.918683836362802,4.875835825621715,7.359911014948372,5.213356150600805,4.327031741877391,5.631921598112473,6.418097890810273,5.796143822349637,4.725588275460414,4.674141245987668,5.301891073823709,5.020492214326381,5.615745398441561,3.6284437276356925,4.9091101944971625,1.0
4.796535203919862,4.027585518144073,4.702190628298206,4.425961225154578,4.3326850687875735,4.074746864791512,4.711356667864647,5.08143611350875,6.112045209457061,5.720041588838347,6.768537497472867,6.213840657709184,6.639780229207843,5.1483180332353875,5.192636436518049,2.657973542746187,4.724617301759113,5.329588373270648,5.651303908061965,5.867474468286538,1.0
